{
    "LR lbfgs": [
        0.8363206020391649,
        0.86181016345687,
        0.8088384042725361,
        0.8269541997086907,
        0.502144359928791,
        0.6522293251335167,
        0.9523992555429681,
        0.9427294060527593
    ],
    "LR newton-cholesky": [
        0.8363206020391649,
        0.86181016345687,
        0.8088384042725361,
        0.8269541997086907,
        0.502144359928791,
        0.6522293251335167,
        0.9523992555429681,
        0.9427294060527593
    ],
    "LR liblinear": [
        0.8363206020391649,
        0.8631149862437288,
        0.8109119598640557,
        0.8196613529697362,
        0.505138371904839,
        0.653918514322706,
        0.9540884447321573,
        0.9427294060527593
    ],
    "NB": [
        0.7840467713222203,
        0.86181016345687,
        0.7703006149862437,
        0.8020816475157793,
        0.5614075902249555,
        0.6410220100339861,
        0.9374291956627286,
        0.9107157307007606
    ],
    "Time Var": [
        0.7645788336933046, 
        0.9244060475161987, 
        0.8336933045356372, 
        0.8596112311015118, 
        0.7321814254859611, 
        0.6954643628509719, 
        0.8444924406047516, 
        0.937365010799136
    ],
    "SPRT": [
        0.7451403887688985, 
        0.8552915766738661, 
        0.7688984881209503, 
        0.8207343412526997, 
        0.6630669546436285, 
        0.6673866090712743, 
        0.6781857451403888, 
        0.6954643628509719
    ]
}