{
    "LR lbfgs": [
        0.8086057614500728,
        0.8865309920699143,
        0.8305652209095322,
        0.8119841398284512,
        0.5179640718562875,
        0.6541511571451691,
        0.9587716458973944,
        0.9504066191940443
    ],
    "LR newton-cholesky": [
        0.8086057614500728,
        0.8865309920699143,
        0.8305652209095322,
        0.8119841398284512,
        0.5179640718562875,
        0.6541511571451691,
        0.9587716458973944,
        0.9504066191940443
    ],
    "LR liblinear": [
        0.8086057614500728,
        0.8891406376436317,
        0.8305652209095322,
        0.8119841398284512,
        0.5179640718562875,
        0.6541511571451691,
        0.9587716458973944,
        0.9504066191940443
    ],
    "NB": [
        0.7686923450396504,
        0.8868344392296488,
        0.7740633597669526,
        0.7968623563683443,
        0.546437530344716,
        0.6807128985272698,
        0.9488691535847225,
        0.9077217187247127
    ],
    "Time Var": [
        0.7904967602591793, 
        0.9028077753779697, 
        0.8423326133909287, 
        0.8552915766738661, 
        0.7429805615550755, 
        0.7062634989200864, 
        0.8142548596112311, 
        0.9006479481641468
    ],
    "SPRT": [
        0.755939524838013, 
        0.8488120950323974, 
        0.7667386609071274, 
        0.8207343412526997, 
        0.6954643628509719, 
        0.7062634989200864, 
        0.673866090712743, 
        0.6565874730021598
    ]
}