{
    "LR lbfgs": [
        0.7962453471435507,
        0.8827682472892053,
        0.8165156174138211,
        0.8432290823757889,
        0.501456546366726,
        0.65246196795598,
        0.9570824567082052,
        0.9530162647677618
    ],
    "LR newton-cholesky": [
        0.7962453471435507,
        0.8827682472892053,
        0.8165156174138211,
        0.8432290823757889,
        0.501456546366726,
        0.65246196795598,
        0.9570824567082052,
        0.9530162647677618
    ],
    "LR liblinear": [
        0.7962453471435507,
        0.8777006797216378,
        0.7993202783621945,
        0.8432290823757889,
        0.4984625343906781,
        0.6567608027188866,
        0.9587716458973944,
        0.9576994659329989
    ],
    "NB": [
        0.7670031558504613,
        0.8801586017154879,
        0.7749838161514808,
        0.8204300857743971,
        0.5250242757727788,
        0.6734908561255867,
        0.9464112315908724,
        0.9350521929114743
    ],
    "Time Var": [
        0.7861771058315334, 
        0.9244060475161987, 
        0.8272138228941684, 
        0.8531317494600432, 
        0.7278617710583153, 
        0.6846652267818574, 
        0.8596112311015118, 
        0.8812095032397408
    ],
    "SPRT": [
        0.755939524838013, 
        0.8552915766738661, 
        0.7796976241900648, 
        0.8099352051835853, 
        0.6177105831533478, 
        0.6825053995680346, 
        0.6673866090712743, 
        0.6177105831533478
    ]
}