{
    "LR lbfgs": [
        0.7774417381453309,
        0.8719452985920051,
        0.7987841883799968,
        0.7998563683443922,
        0.5085976695258132,
        0.6505401359443276,
        0.9520148891406377,
        0.95393672115229
    ],
    "LR newton-cholesky": [
        0.7774417381453309,
        0.8719452985920051,
        0.7987841883799968,
        0.7998563683443922,
        0.5085976695258132,
        0.6505401359443276,
        0.9520148891406377,
        0.95393672115229
    ],
    "LR liblinear": [
        0.7757525489561418,
        0.8719452985920051,
        0.7987841883799968,
        0.8075335814856773,
        0.5085976695258132,
        0.6535341479203755,
        0.9507100663537789,
        0.95393672115229
    ],
    "NB": [
        0.7408257808706911,
        0.8685669202136268,
        0.7531052759346173,
        0.7852706748664833,
        0.5388412364460269,
        0.6827055348761936,
        0.9413436640233047,
        0.9133253762744781
    ],
    "Time Var": [
        0.7775377969762419, 
        0.9200863930885529, 
        0.838012958963283, 
        0.857451403887689, 
        0.7516198704103672, 
        0.7365010799136069, 
        0.796976241900648, 
        0.9524838012958963
    ],
    "SPRT": [
        0.7386609071274298, 
        0.8488120950323974, 
        0.7645788336933046, 
        0.8077753779697624, 
        0.7084233261339092, 
        0.7041036717062634, 
        0.6587473002159827, 
        0.6846652267818574
    ]
}