{
    "LR lbfgs": [
        0.8226553649457842,
        0.8995792199385014,
        0.8301808545072018,
        0.855589496682311,
        0.5,
        0.6496196795597993,
        0.9600764686842531,
        0.9662971354588121
    ],
    "LR newton-cholesky": [
        0.8226553649457842,
        0.8995792199385014,
        0.8301808545072018,
        0.855589496682311,
        0.5,
        0.6496196795597993,
        0.9600764686842531,
        0.9662971354588121
    ],
    "LR liblinear": [
        0.825649376921832,
        0.8965852079624534,
        0.8159795274316233,
        0.8492171063278847,
        0.5,
        0.650924502346658,
        0.9570824567082052,
        0.9662971354588121
    ],
    "NB": [
        0.8033156659653666,
        0.9008840427253602,
        0.7972467227706749,
        0.8320217672762583,
        0.5817486648324972,
        0.6393328208447969,
        0.9357400064735395,
        0.9282954361547175
    ],
    "Time Var": [
        0.7710583153347732, 
        0.9114470842332614, 
        0.8185745140388769, 
        0.8466522678185745,
        0.7019438444924406, 
        0.7386609071274298, 
        0.8336933045356372, 
        0.9330453563714902
    ],
    "SPRT": [
        0.7602591792656588, 
        0.8423326133909287, 
        0.7710583153347732, 
        0.8250539956803455, 
        0.6997840172786177, 
        0.7084233261339092, 
        0.6609071274298056, 
        0.6501079913606911]
}