{
    "LR lbfgs": [
        0.8178204402006797,
        0.8852261692830554,
        0.8043878459297621,
        0.8477605599611588,
        0.49961563359766953,
        0.6604426282569995,
        0.9587716458973944,
        0.9483330636025247
    ],
    "LR newton-cholesky": [
        0.8178204402006797,
        0.8852261692830554,
        0.8043878459297621,
        0.8477605599611588,
        0.49961563359766953,
        0.6604426282569995,
        0.9587716458973944,
        0.9483330636025247
    ],
    "LR liblinear": [
        0.8178204402006797,
        0.8852261692830554,
        0.8043878459297621,
        0.8464557371743,
        0.5026096455737175,
        0.6621318174461888,
        0.9587716458973944,
        0.9483330636025247
    ],
    "NB": [
        0.7610151318983654,
        0.8736344877811943,
        0.7825093057128985,
        0.8301808545072018,
        0.5650894157630685,
        0.718249312186438,
        0.9454907752063441,
        0.9183929438420457
    ],
    "Time Var": [
        0.796976241900648, 
        0.9222462203023758, 
        0.8444924406047516, 
        0.8509719222462203, 
        0.712742980561555, 
        0.7084233261339092, 
        0.8552915766738661, 
        0.8531317494600432
    ],
    "SPRT": [
        0.7580993520518359, 
        0.8228941684665227, 
        0.7796976241900648, 
        0.8142548596112311, 
        0.6760259179265659, 
        0.6889848812095032, 
        0.6760259179265659, 
        0.6825053995680346
    ]
}