{
    "LR lbfgs": [
        0.8017782003560447,
        0.8876031720343098,
        0.8016972811134488,
        0.8168190645735556,
        0.5209580838323353,
        0.665510195824567,
        0.9514787991584399,
        0.9483330636025247
    ],
    "LR newton-cholesky": [
        0.8017782003560447,
        0.8876031720343098,
        0.8016972811134488,
        0.8168190645735556,
        0.5209580838323353,
        0.665510195824567,
        0.9514787991584399,
        0.9483330636025247
    ],
    "LR liblinear": [
        0.8047722123320926,
        0.881615148082214,
        0.8046912930894967,
        0.8231914549279818,
        0.5192688946431461,
        0.6696573070076064,
        0.9514787991584399,
        0.9530162647677618
    ],
    "NB": [
        0.7640091438744133,
        0.8825356044667422,
        0.7712210713707719,
        0.8136733290176403,
        0.5746884609160058,
        0.6890779252306198,
        0.9514787991584399,
        0.9275267033500567
    ],
    "Time Var": [
        0.7775377969762419, 
        0.9114470842332614, 
        0.8336933045356372, 
        0.857451403887689, 
        0.7170626349892009, 
        0.7105831533477323, 
        0.8315334773218143, 
        0.91792656587473
    ],
    "SPRT": [
        0.7473002159827213, 
        0.8336933045356372, 
        0.755939524838013, 
        0.8056155507559395, 
        0.6803455723542117, 
        0.7084233261339092, 
        0.6717062634989202, 
        0.6630669546436285
    ]
}