{
    "LR lbfgs": [
        0.8040034795274316,
        0.8569752387117656,
        0.8215831849813886,
        0.8241928305551061,
        0.5171953390516265,
        0.6750283217349086,
        0.9791936397475319,
        0.9534006311700922
    ],
    "LR newton-cholesky": [
        0.8040034795274316,
        0.8569752387117656,
        0.8215831849813886,
        0.8241928305551061,
        0.5171953390516265,
        0.6750283217349086,
        0.9791936397475319,
        0.9534006311700922
    ],
    "LR liblinear": [
        0.8040034795274316,
        0.860353617090144,
        0.8040034795274316,
        0.8241928305551061,
        0.5181157954361547,
        0.6679681178184173,
        0.9761996277714841,
        0.9534006311700922
    ],
    "NB": [
        0.7853515941090792,
        0.8676464638290986,
        0.7727585369800939,
        0.806613125101149,
        0.5142013270755785,
        0.6972912283541026,
        0.9651440362518207,
        0.9247653341964719
    ],
    "Time Var": [
        0.7688984881209503, 
        0.9308855291576674, 
        0.8185745140388769, 
        0.8488120950323974, 
        0.734341252699784, 
        0.7321814254859611, 
        0.8466522678185745, 
        0.9416846652267818
    ],
    "SPRT": [
        0.7451403887688985, 
        0.857451403887689, 
        0.755939524838013, 
        0.8099352051835853, 
        0.6760259179265659, 
        0.714902807775378, 
        0.6544276457883369, 
        0.6349892008639308
    ]
}