{
    "LR lbfgs": [
        0.8264181097264929,
        0.8728657549765334,
        0.8161312510114905,
        0.840235070399741,
        0.5027613691535847,
        0.6599065382748017,
        0.955393267519016,
        0.9504066191940443
    ],
    "LR newton-cholesky": [
        0.8264181097264929,
        0.8728657549765334,
        0.8161312510114905,
        0.840235070399741,
        0.5027613691535847,
        0.6599065382748017,
        0.955393267519016,
        0.9504066191940443
    ],
    "LR liblinear": [
        0.8264181097264929,
        0.8732501213788639,
        0.8161312510114905,
        0.840235070399741,
        0.5078289367211523,
        0.6599065382748017,
        0.9540884447321573,
        0.9474126072179965
    ],
    "NB": [
        0.7802840265415116,
        0.8732501213788639,
        0.786575497653342,
        0.8037708367049685,
        0.5740714516912122,
        0.6851634568700437,
        0.9490208771645897,
        0.9111000971030911
    ],
    "Time Var": [
        0.775377969762419,
        0.9222462203023758, 
        0.8336933045356372, 
        0.857451403887689, 
        0.6565874730021598, 
        0.7494600431965444, 
        0.8488120950323974, 
        0.9395248380129589
    ],
    "SPRT": [
        0.7537796976241901, 
        0.8358531317494601, 
        0.7645788336933046, 
        0.796976241900648, 
        0.6544276457883369, 
        0.7105831533477323, 
        0.6673866090712743, 
        0.6630669546436285
    ]
}