{
    "LR lbfgs": [
        0.8145937854021686,
        0.8719452985920051,
        0.8228880077682472,
        0.8469918271564978,
        0.5128965042887199,
        0.6718825861789933,
        0.9523992555429681,
        0.9534006311700922
    ],
    "LR newton-cholesky": [
        0.8145937854021686,
        0.8719452985920051,
        0.8228880077682472,
        0.8469918271564978,
        0.5128965042887199,
        0.6718825861789933,
        0.9523992555429681,
        0.9534006311700922
    ],
    "LR liblinear": [
        0.8145937854021686,
        0.8659572746399093,
        0.8126011490532449,
        0.8469918271564978,
        0.5179640718562875,
        0.6718825861789933,
        0.9523992555429681,
        0.9534006311700922
    ],
    "NB": [
        0.7866564168959378,
        0.877933322544101,
        0.7775934617251983,
        0.8324061336785887,
        0.5293231105356854,
        0.666966742191293,
        0.9438015860171549,
        0.9153989318659977
    ],
    "Time Var": [
        0.7537796976241901, 
        0.9287257019438445, 
        0.8142548596112311, 
        0.8358531317494601, 
        0.7019438444924406, 
        0.755939524838013, 
        0.8012958963282937, 
        0.937365010799136
    ],
    "SPRT": [
        0.7213822894168467, 
        0.8660907127429806, 
        0.7451403887688985, 
        0.7904967602591793, 
        0.6565874730021598, 
        0.7192224622030238, 
        0.6522678185745141, 
        0.6393088552915767
    ]
}